"year","reachMLB","retire"
1,0.00120974180526745,0.000292250925011062
2,0.0144415761997441,0.0440529693232105
3,0.0458807015243895,0.139571053256414
4,0.163445422227856,0.244442907486886
5,0.304534621977964,0.351887523403526
6,0.397798827641104,0.427684983527096
7,0.451657358717148,0.487174955264929
8,0.487284410172373,0.529453965922952
9,0.501553618553393,0.559259133317517
10,0.507712964334112,0.567051304336853
