"year","reachMLB","retire"
1,0.00535279337310957,1.01400941332486e-06
2,0.0624638545298868,0.000156282535355268
3,0.187993534619747,0.000521361094684036
4,0.54674332344435,0.000971929349294243
5,0.800170806245829,0.00150340714619723
6,0.894467255443654,0.0019341397497078
7,0.930341831951263,0.00231408671928901
8,0.948285823003679,0.00261184034527373
9,0.954369205130528,0.00283823132656214
10,0.956816828334713,0.00289993597246019
