"year","reachMLB","retire"
1,0.0235954408529484,3.51393969477698e-09
2,0.24945605898855,5.41622084182514e-07
3,0.604055107194929,1.80718893638687e-06
4,0.970413552630519,3.36974623893482e-06
5,0.999226131666862,5.21379844853342e-06
6,0.999954804069712,6.70901589183703e-06
7,0.999992880633905,8.02847324210543e-06
8,0.999998108029195,9.0628444343599e-06
9,0.999998915806018,9.84951372240417e-06
10,0.999999151633351,1.00639575021377e-05
