"year","reachMLB","retire"
1,0.00823117392034223,9.7510110781851e-05
2,0.0946133491957887,0.000325650109358699
3,0.276371941733749,0.000607953363781832
4,0.709155790076862,0.000942297283525018
5,0.92018737146776,0.00121501390115752
6,0.970927793135818,0.00145704856739359
7,0.985019865652672,0.00164677908655342
8,0.990685623732551,0.0017898324044221
9,0.992395380806321,0.00183777664749807
10,0.993041084287923,9.7510110781851e-05
